recipe,ingredients,time,difficulty,steps
Aloo Paratha,"potato,onion,wheat flour,spices",35 minutes,Medium,"Boil and mash potato. Mix with spices. Prepare dough. Fill dough with potato mixture and cook on a hot pan."
Vegetable Fried Rice,"rice,carrot,peas,onion,garlic,soy sauce",25 minutes,Easy,"Cook rice. Stir fry garlic, onion and vegetables. Add rice and soy sauce."
Tomato Pasta,"pasta,tomato,garlic,onion,olive oil",25 minutes,Easy,"Boil pasta. Cook onion and garlic. Add tomato sauce and mix with pasta."
Paneer Tikka,"paneer,capsicum,onion,yogurt,spices",30 minutes,Medium,"Marinate paneer and vegetables with yogurt and spices. Cook until lightly browned."
Masala Omelette,"egg,onion,tomato,green chilli,coriander",15 minutes,Easy,"Beat eggs. Add vegetables and spices. Cook in a hot pan."
Vegetable Sandwich,"bread,tomato,onion,cucumber,cheese",15 minutes,Easy,"Add vegetables and cheese between bread slices. Toast until crisp."
Chole,"chickpeas,onion,tomato,ginger,garlic,spices",45 minutes,Medium,"Cook chickpeas. Prepare onion tomato masala. Add chickpeas and simmer."
Poha,"poha,onion,peanuts,mustard seeds,curry leaves",20 minutes,Easy,"Rinse poha. Temper mustard seeds and curry leaves. Add onion and peanuts. Mix with poha."
Palak Paneer,"spinach,paneer,onion,tomato,garlic,spices",35 minutes,Medium,"Cook spinach and blend. Prepare masala. Add spinach and paneer and simmer."
Veg Noodles,"noodles,cabbage,carrot,capsicum,onion,soy sauce",25 minutes,Easy,"Boil noodles. Stir fry vegetables. Add noodles and soy sauce."
Potato Cheese Toast,"potato,bread,cheese,onion,chilli",20 minutes,Easy,"Mash potato with onion and chilli. Spread on bread. Add cheese and toast."
Mango Smoothie,"mango,milk,yogurt,sugar",10 minutes,Easy,"Blend mango, milk, yogurt and sugar until smooth."
Banana Oats Pancakes,"banana,oats,milk,egg",20 minutes,Easy,"Mash banana. Mix with oats, milk and egg. Cook small pancakes on a pan."
Mushroom Stir Fry,"mushroom,onion,garlic,soy sauce,pepper",20 minutes,Easy,"Cook garlic and onion. Add mushrooms. Stir fry with soy sauce and pepper."
Dal Tadka,"lentils,onion,tomato,garlic,cumin,spices",40 minutes,Medium,"Cook lentils. Prepare garlic, onion and cumin tempering. Mix together."
Chicken Curry,"chicken,onion,tomato,ginger,garlic,spices",50 minutes,Medium,"Cook onion and spices. Add chicken and tomato. Cover and cook until done."
Chicken Sandwich,"chicken,bread,mayonnaise,lettuce,tomato",20 minutes,Easy,"Cook chicken. Place chicken and vegetables between bread slices."
Chicken Fried Rice,"chicken,rice,egg,carrot,peas,soy sauce",30 minutes,Medium,"Cook chicken and vegetables. Add rice, egg and soy sauce. Stir fry."
Egg Fried Rice,"rice,egg,onion,carrot,peas,soy sauce",20 minutes,Easy,"Cook egg and vegetables. Add rice and soy sauce. Stir fry."
Veg Biryani,"rice,potato,carrot,peas,beans,onion,spices",50 minutes,Medium,"Cook vegetables with spices. Add rice and cook until fluffy."
Rajma Masala,"kidney beans,onion,tomato,ginger,garlic,spices",45 minutes,Medium,"Cook kidney beans. Prepare tomato onion masala. Add beans and simmer."
Pav Bhaji,"potato,tomato,onion,peas,capsicum,butter,spices",40 minutes,Medium,"Boil vegetables. Mash them. Cook with onion, tomato, butter and spices."
Misal Pav,"sprouts,onion,tomato,potato,spices,pav",45 minutes,Medium,"Cook sprouts with spices. Prepare gravy and serve with pav and onion."
Idli,"rice,urad dal,salt",30 minutes,Easy,"Prepare fermented batter from rice and urad dal. Steam in idli moulds."
Dosa,"rice,urad dal,salt,oil",30 minutes,Easy,"Prepare dosa batter. Spread thinly on a hot pan and cook with oil."
Upma,"semolina,onion,mustard seeds,curry leaves,vegetables",20 minutes,Easy,"Roast semolina. Temper spices and onion. Add water and semolina and cook."
Vegetable Soup,"carrot,cabbage,peas,onion,tomato,pepper",25 minutes,Easy,"Cook vegetables in water. Add pepper and salt. Simmer until vegetables are tender."
French Toast,"bread,egg,milk,sugar,cinnamon",15 minutes,Easy,"Mix egg, milk, sugar and cinnamon. Dip bread and cook on a pan."
Pancakes,"flour,milk,egg,sugar,baking powder",20 minutes,Easy,"Mix ingredients into batter. Cook small portions on a hot pan."
Fruit Salad,"apple,banana,mango,grapes,orange",10 minutes,Easy,"Chop fruits and mix together."
Chocolate Milkshake,"milk,cocoa powder,sugar,ice cream",10 minutes,Easy,"Blend milk, cocoa, sugar and ice cream."
